Mike|2025-03-17 19:19:00|“I Do Know That They’ll Be Targeting Corners”|2025-03-17 19:05:00|18|0.23333333333333334
74 Bucs Fan|2025-03-17 19:21:00|“I Do Know That They’ll Be Targeting Corners”|2025-03-17 19:05:00|16|0.26666666666666666
Pickgrin|2025-03-17 19:21:00|“I Do Know That They’ll Be Targeting Corners”|2025-03-17 19:05:00|11|0.26666666666666666
First Last|2025-03-17 19:26:00|“I Do Know That They’ll Be Targeting Corners”|2025-03-17 19:05:00|19|0.35
FilthyAnimal|2025-03-17 19:29:00|“I Do Know That They’ll Be Targeting Corners”|2025-03-17 19:05:00|64|0.4
BA’s Red Pen|2025-03-17 19:29:00|“I Do Know That They’ll Be Targeting Corners”|2025-03-17 19:05:00|3|0.4
Aqualung|2025-03-17 19:40:00|“I Do Know That They’ll Be Targeting Corners”|2025-03-17 19:05:00|4|0.5833333333333334
gotbbucs|2025-03-17 19:56:00|“I Do Know That They’ll Be Targeting Corners”|2025-03-17 19:05:00|29|0.85
Knucknbuc|2025-03-17 20:21:00|“I Do Know That They’ll Be Targeting Corners”|2025-03-17 19:05:00|72|1.2666666666666666
Marine Buc|2025-03-17 20:30:00|“I Do Know That They’ll Be Targeting Corners”|2025-03-17 19:05:00|10|1.4166666666666667
Redzone|2025-03-17 20:32:00|“I Do Know That They’ll Be Targeting Corners”|2025-03-17 19:05:00|37|1.45
Tony|2025-03-17 20:35:00|“I Do Know That They’ll Be Targeting Corners”|2025-03-17 19:05:00|88|1.5
Gipper|2025-03-17 20:44:00|“I Do Know That They’ll Be Targeting Corners”|2025-03-17 19:05:00|24|1.65
#1bucsfan|2025-03-17 20:49:00|“I Do Know That They’ll Be Targeting Corners”|2025-03-17 19:05:00|78|1.7333333333333334
StickinUp4Centers|2025-03-17 20:54:00|“I Do Know That They’ll Be Targeting Corners”|2025-03-17 19:05:00|32|1.8166666666666667
teacherman|2025-03-17 21:04:00|“I Do Know That They’ll Be Targeting Corners”|2025-03-17 19:05:00|1|1.9833333333333334
Bring back the lawn chairs|2025-03-17 21:08:00|“I Do Know That They’ll Be Targeting Corners”|2025-03-17 19:05:00|41|2.05
Gipper|2025-03-17 21:10:00|“I Do Know That They’ll Be Targeting Corners”|2025-03-17 19:05:00|58|2.0833333333333335
Bring back the lawn chairs|2025-03-17 21:10:00|“I Do Know That They’ll Be Targeting Corners”|2025-03-17 19:05:00|18|2.0833333333333335
drdneast|2025-03-17 21:17:00|“I Do Know That They’ll Be Targeting Corners”|2025-03-17 19:05:00|24|2.2
FilthyAnimal|2025-03-17 22:14:00|“I Do Know That They’ll Be Targeting Corners”|2025-03-17 19:05:00|8|3.15
FilthyAnimal|2025-03-17 22:16:00|“I Do Know That They’ll Be Targeting Corners”|2025-03-17 19:05:00|12|3.183333333333333
adam from ny|2025-03-17 22:30:00|“I Do Know That They’ll Be Targeting Corners”|2025-03-17 19:05:00|16|3.4166666666666665
HopeIn1Hand…|2025-03-17 22:39:00|“I Do Know That They’ll Be Targeting Corners”|2025-03-17 19:05:00|400|3.566666666666667
Pewter Power|2025-03-17 22:44:00|“I Do Know That They’ll Be Targeting Corners”|2025-03-17 19:05:00|36|3.65
Pelsbuc61|2025-03-17 22:50:00|“I Do Know That They’ll Be Targeting Corners”|2025-03-17 19:05:00|13|3.75
David|2025-03-17 22:53:00|“I Do Know That They’ll Be Targeting Corners”|2025-03-17 19:05:00|55|3.8
HopeIn1Hand…|2025-03-17 22:59:00|“I Do Know That They’ll Be Targeting Corners”|2025-03-17 19:05:00|155|3.9
Jerseybuc|2025-03-17 23:05:00|“I Do Know That They’ll Be Targeting Corners”|2025-03-17 19:05:00|25|4.0
Noclu4u|2025-03-17 23:41:00|“I Do Know That They’ll Be Targeting Corners”|2025-03-17 19:05:00|184|4.6
Noclu4u|2025-03-17 23:57:00|“I Do Know That They’ll Be Targeting Corners”|2025-03-17 19:05:00|67|4.866666666666666
Joe in Michigan|2025-03-18 01:17:00|“I Do Know That They’ll Be Targeting Corners”|2025-03-17 19:05:00|5|6.2
Leopold Stotch|2025-03-18 02:08:00|“I Do Know That They’ll Be Targeting Corners”|2025-03-17 19:05:00|61|7.05
Chark||“I Do Know That They’ll Be Targeting Corners”|2025-03-17 19:05:00|8|0
Chark||“I Do Know That They’ll Be Targeting Corners”|2025-03-17 19:05:00|24|0
Chark||“I Do Know That They’ll Be Targeting Corners”|2025-03-17 19:05:00|19|0
kgh4life|2025-03-18 02:25:00|“I Do Know That They’ll Be Targeting Corners”|2025-03-17 19:05:00|24|7.333333333333333
David Groover|2025-03-18 05:28:00|“I Do Know That They’ll Be Targeting Corners”|2025-03-17 19:05:00|79|10.383333333333333
David Groover|2025-03-18 05:37:00|“I Do Know That They’ll Be Targeting Corners”|2025-03-17 19:05:00|54|10.533333333333333
geno711|2025-03-18 11:28:00|“I Do Know That They’ll Be Targeting Corners”|2025-03-17 19:05:00|8|16.383333333333333
Cobraboy|2025-03-18 11:42:00|“I Do Know That They’ll Be Targeting Corners”|2025-03-17 19:05:00|4|16.616666666666667
Cobraboy|2025-03-18 11:45:00|“I Do Know That They’ll Be Targeting Corners”|2025-03-17 19:05:00|27|16.666666666666668
unbelievable|2025-03-18 13:42:00|“I Do Know That They’ll Be Targeting Corners”|2025-03-17 19:05:00|18|18.616666666666667
Bring back the lawn chairs|2025-03-18 16:47:00|“I Do Know That They’ll Be Targeting Corners”|2025-03-17 19:05:00|18|21.7
dumboldguy|2025-03-18 21:56:00|“I Do Know That They’ll Be Targeting Corners”|2025-03-17 19:05:00|27|26.85
Gipper|2025-03-17 17:17:00|Robert Hainsey Takes Baker Mayfield “Reminder” To Jacksonville|2025-03-17 17:09:00|55|0.13333333333333333
BuucccNASTY|2025-03-17 17:18:00|Robert Hainsey Takes Baker Mayfield “Reminder” To Jacksonville|2025-03-17 17:09:00|11|0.15
Gipper|2025-03-17 17:19:00|Robert Hainsey Takes Baker Mayfield “Reminder” To Jacksonville|2025-03-17 17:09:00|1|0.16666666666666666
Truth be Told|2025-03-17 17:28:00|Robert Hainsey Takes Baker Mayfield “Reminder” To Jacksonville|2025-03-17 17:09:00|49|0.31666666666666665
BucDawg|2025-03-17 17:47:00|Robert Hainsey Takes Baker Mayfield “Reminder” To Jacksonville|2025-03-17 17:09:00|5|0.6333333333333333
OHBucFan|2025-03-17 17:49:00|Robert Hainsey Takes Baker Mayfield “Reminder” To Jacksonville|2025-03-17 17:09:00|28|0.6666666666666666
Kenton Smith|2025-03-17 17:51:00|Robert Hainsey Takes Baker Mayfield “Reminder” To Jacksonville|2025-03-17 17:09:00|99|0.7
FilthyAnimal|2025-03-17 18:19:00|Robert Hainsey Takes Baker Mayfield “Reminder” To Jacksonville|2025-03-17 17:09:00|36|1.1666666666666667
Saskbucs|2025-03-17 18:24:00|Robert Hainsey Takes Baker Mayfield “Reminder” To Jacksonville|2025-03-17 17:09:00|16|1.25
gp|2025-03-17 18:29:00|Robert Hainsey Takes Baker Mayfield “Reminder” To Jacksonville|2025-03-17 17:09:00|43|1.3333333333333333
Bucsarg|2025-03-17 18:51:00|Robert Hainsey Takes Baker Mayfield “Reminder” To Jacksonville|2025-03-17 17:09:00|65|1.7
MomBucsFan|2025-03-17 18:53:00|Robert Hainsey Takes Baker Mayfield “Reminder” To Jacksonville|2025-03-17 17:09:00|3|1.7333333333333334
Slacker|2025-03-17 18:57:00|Robert Hainsey Takes Baker Mayfield “Reminder” To Jacksonville|2025-03-17 17:09:00|10|1.8
SenileSenior|2025-03-17 19:11:00|Robert Hainsey Takes Baker Mayfield “Reminder” To Jacksonville|2025-03-17 17:09:00|44|2.033333333333333
BucVoyager|2025-03-17 19:23:00|Robert Hainsey Takes Baker Mayfield “Reminder” To Jacksonville|2025-03-17 17:09:00|39|2.2333333333333334
Darin|2025-03-17 20:03:00|Robert Hainsey Takes Baker Mayfield “Reminder” To Jacksonville|2025-03-17 17:09:00|11|2.9
BAKERSBucs says|2025-03-17 22:59:00|Robert Hainsey Takes Baker Mayfield “Reminder” To Jacksonville|2025-03-17 17:09:00|49|5.833333333333333
ModHairKen|2025-03-17 23:34:00|Robert Hainsey Takes Baker Mayfield “Reminder” To Jacksonville|2025-03-17 17:09:00|16|6.416666666666667
ATLBUCSolar|2025-03-18 00:27:00|Robert Hainsey Takes Baker Mayfield “Reminder” To Jacksonville|2025-03-17 17:09:00|58|7.3
Kieran|2025-03-18 02:41:00|Robert Hainsey Takes Baker Mayfield “Reminder” To Jacksonville|2025-03-17 17:09:00|4|9.533333333333333
Davyboy|2025-03-18 04:57:00|Robert Hainsey Takes Baker Mayfield “Reminder” To Jacksonville|2025-03-17 17:09:00|55|11.8
Davyboy|2025-03-18 05:19:00|Robert Hainsey Takes Baker Mayfield “Reminder” To Jacksonville|2025-03-17 17:09:00|58|12.166666666666666
garro|2025-03-18 06:22:00|Robert Hainsey Takes Baker Mayfield “Reminder” To Jacksonville|2025-03-17 17:09:00|21|13.216666666666667
garro|2025-03-18 06:26:00|Robert Hainsey Takes Baker Mayfield “Reminder” To Jacksonville|2025-03-17 17:09:00|16|13.283333333333333
John Dixon|2025-03-18 10:29:00|Robert Hainsey Takes Baker Mayfield “Reminder” To Jacksonville|2025-03-17 17:09:00|36|17.333333333333332
BucDawg|2025-03-18 10:41:00|Robert Hainsey Takes Baker Mayfield “Reminder” To Jacksonville|2025-03-17 17:09:00|1|17.533333333333335
WNCBucsFan|2025-03-18 11:50:00|Robert Hainsey Takes Baker Mayfield “Reminder” To Jacksonville|2025-03-17 17:09:00|50|18.683333333333334
BucDawg|2025-03-18 12:26:00|Robert Hainsey Takes Baker Mayfield “Reminder” To Jacksonville|2025-03-17 17:09:00|16|19.283333333333335
Davyboy|2025-03-18 14:53:00|Robert Hainsey Takes Baker Mayfield “Reminder” To Jacksonville|2025-03-17 17:09:00|110|21.733333333333334
Davyboy|2025-03-18 15:03:00|Robert Hainsey Takes Baker Mayfield “Reminder” To Jacksonville|2025-03-17 17:09:00|101|21.9
Davyboy|2025-03-18 15:37:00|Robert Hainsey Takes Baker Mayfield “Reminder” To Jacksonville|2025-03-17 17:09:00|76|22.466666666666665
Davyboy|2025-03-18 15:57:00|Robert Hainsey Takes Baker Mayfield “Reminder” To Jacksonville|2025-03-17 17:09:00|75|22.8
Idroolpewter&red|2025-03-17 16:45:00|Lavonte David: Derrick Brooks “Is Mr. Franchise”|2025-03-17 16:32:00|30|0.21666666666666667
gp|2025-03-17 16:54:00|Lavonte David: Derrick Brooks “Is Mr. Franchise”|2025-03-17 16:32:00|33|0.36666666666666664
gp|2025-03-17 16:54:00|Lavonte David: Derrick Brooks “Is Mr. Franchise”|2025-03-17 16:32:00|5|0.36666666666666664
Simeon4HOF|2025-03-17 17:30:00|Lavonte David: Derrick Brooks “Is Mr. Franchise”|2025-03-17 16:32:00|12|0.9666666666666667
View from 132|2025-03-17 17:34:00|Lavonte David: Derrick Brooks “Is Mr. Franchise”|2025-03-17 16:32:00|7|1.0333333333333334
gp|2025-03-17 17:47:00|Lavonte David: Derrick Brooks “Is Mr. Franchise”|2025-03-17 16:32:00|36|1.25
Pickgrin|2025-03-17 18:28:00|Lavonte David: Derrick Brooks “Is Mr. Franchise”|2025-03-17 16:32:00|9|1.9333333333333333
Aqualung|2025-03-17 18:55:00|Lavonte David: Derrick Brooks “Is Mr. Franchise”|2025-03-17 16:32:00|4|2.3833333333333333
ReeeBarrr|2025-03-18 16:16:00|Lavonte David: Derrick Brooks “Is Mr. Franchise”|2025-03-17 16:32:00|4|23.733333333333334
KnoxvilleBuc|2025-03-17 18:20:00|Best In Class Breaks Down Edge Rushers|2025-03-17 16:26:00|117|1.9
Sean|2025-03-17 18:26:00|Best In Class Breaks Down Edge Rushers|2025-03-17 16:26:00|5|2.0
HopeIn1Hand…|2025-03-17 21:37:00|Best In Class Breaks Down Edge Rushers|2025-03-17 16:26:00|379|5.183333333333334
Sean|2025-03-17 22:04:00|Best In Class Breaks Down Edge Rushers|2025-03-17 16:26:00|12|5.633333333333334
HopeIn1Hand…|2025-03-17 23:30:00|Best In Class Breaks Down Edge Rushers|2025-03-17 16:26:00|88|7.066666666666666
firethecannons|2025-03-18 01:38:00|Best In Class Breaks Down Edge Rushers|2025-03-17 16:26:00|99|9.2
GJ|2025-03-17 12:17:00|Lavonte David Reflects On Lost Super Bowl Chance|2025-03-17 11:46:00|47|0.5166666666666667
Baking with Grizz|2025-03-17 12:25:00|Lavonte David Reflects On Lost Super Bowl Chance|2025-03-17 11:46:00|19|0.65
Pickgrin|2025-03-17 12:37:00|Lavonte David Reflects On Lost Super Bowl Chance|2025-03-17 11:46:00|26|0.85
Peter|2025-03-17 12:41:00|Lavonte David Reflects On Lost Super Bowl Chance|2025-03-17 11:46:00|5|0.9166666666666666
Buccos|2025-03-17 12:44:00|Lavonte David Reflects On Lost Super Bowl Chance|2025-03-17 11:46:00|21|0.9666666666666667
Zman|2025-03-17 12:46:00|Lavonte David Reflects On Lost Super Bowl Chance|2025-03-17 11:46:00|36|1.0
813BUCBOI|2025-03-17 13:30:00|Lavonte David Reflects On Lost Super Bowl Chance|2025-03-17 11:46:00|2|1.7333333333333334
Saskbucs|2025-03-17 13:35:00|Lavonte David Reflects On Lost Super Bowl Chance|2025-03-17 11:46:00|3|1.8166666666666667
Upstate NY BUC|2025-03-17 13:49:00|Lavonte David Reflects On Lost Super Bowl Chance|2025-03-17 11:46:00|22|2.05
FilthyAnimal|2025-03-17 13:54:00|Lavonte David Reflects On Lost Super Bowl Chance|2025-03-17 11:46:00|52|2.1333333333333333
Critmark|2025-03-17 14:16:00|Lavonte David Reflects On Lost Super Bowl Chance|2025-03-17 11:46:00|46|2.5
BillyBucco|2025-03-17 14:20:00|Lavonte David Reflects On Lost Super Bowl Chance|2025-03-17 11:46:00|115|2.566666666666667
drdneastup|2025-03-17 14:26:00|Lavonte David Reflects On Lost Super Bowl Chance|2025-03-17 11:46:00|34|2.6666666666666665
drdneastup|2025-03-17 14:30:00|Lavonte David Reflects On Lost Super Bowl Chance|2025-03-17 11:46:00|55|2.7333333333333334
BucDawg|2025-03-17 14:44:00|Lavonte David Reflects On Lost Super Bowl Chance|2025-03-17 11:46:00|11|2.966666666666667
Aqualung|2025-03-17 14:52:00|Lavonte David Reflects On Lost Super Bowl Chance|2025-03-17 11:46:00|2|3.1
813BUCBOI|2025-03-17 14:56:00|Lavonte David Reflects On Lost Super Bowl Chance|2025-03-17 11:46:00|1|3.1666666666666665
813BUCBOI|2025-03-17 15:00:00|Lavonte David Reflects On Lost Super Bowl Chance|2025-03-17 11:46:00|13|3.2333333333333334
geno711|2025-03-17 15:16:00|Lavonte David Reflects On Lost Super Bowl Chance|2025-03-17 11:46:00|5|3.5
Critmark|2025-03-17 15:18:00|Lavonte David Reflects On Lost Super Bowl Chance|2025-03-17 11:46:00|15|3.533333333333333
813BUCBOI|2025-03-17 15:25:00|Lavonte David Reflects On Lost Super Bowl Chance|2025-03-17 11:46:00|11|3.65
FrontFour|2025-03-17 15:26:00|Lavonte David Reflects On Lost Super Bowl Chance|2025-03-17 11:46:00|28|3.6666666666666665
TheScourge|2025-03-17 15:28:00|Lavonte David Reflects On Lost Super Bowl Chance|2025-03-17 11:46:00|13|3.7
813BUCBOI|2025-03-17 15:33:00|Lavonte David Reflects On Lost Super Bowl Chance|2025-03-17 11:46:00|14|3.783333333333333
Trask To The Future|2025-03-17 15:47:00|Lavonte David Reflects On Lost Super Bowl Chance|2025-03-17 11:46:00|4|4.016666666666667
James in Memphis|2025-03-17 15:50:00|Lavonte David Reflects On Lost Super Bowl Chance|2025-03-17 11:46:00|240|4.066666666666666
Critmark|2025-03-17 15:57:00|Lavonte David Reflects On Lost Super Bowl Chance|2025-03-17 11:46:00|2|4.183333333333334
James in Memphis|2025-03-17 15:57:00|Lavonte David Reflects On Lost Super Bowl Chance|2025-03-17 11:46:00|80|4.183333333333334
Critmark|2025-03-17 16:22:00|Lavonte David Reflects On Lost Super Bowl Chance|2025-03-17 11:46:00|9|4.6
geno711|2025-03-17 16:38:00|Lavonte David Reflects On Lost Super Bowl Chance|2025-03-17 11:46:00|31|4.866666666666666
Gipper|2025-03-17 17:27:00|Lavonte David Reflects On Lost Super Bowl Chance|2025-03-17 11:46:00|90|5.683333333333334
Critmark|2025-03-17 18:12:00|Lavonte David Reflects On Lost Super Bowl Chance|2025-03-17 11:46:00|81|6.433333333333334
Bucs Fan Since ‘76|2025-03-17 18:19:00|Lavonte David Reflects On Lost Super Bowl Chance|2025-03-17 11:46:00|47|6.55
BucsfaninOregon|2025-03-17 19:53:00|Lavonte David Reflects On Lost Super Bowl Chance|2025-03-17 11:46:00|34|8.116666666666667
jarrett|2025-03-17 22:26:00|Lavonte David Reflects On Lost Super Bowl Chance|2025-03-17 11:46:00|10|10.666666666666666
toopanca|2025-03-17 22:40:00|Lavonte David Reflects On Lost Super Bowl Chance|2025-03-17 11:46:00|2|10.9
View from 132|2025-03-17 23:10:00|Lavonte David Reflects On Lost Super Bowl Chance|2025-03-17 11:46:00|29|11.4
toopanca|2025-03-17 23:12:00|Lavonte David Reflects On Lost Super Bowl Chance|2025-03-17 11:46:00|31|11.433333333333334
Kenton Smith|2025-03-18 11:34:00|Lavonte David Reflects On Lost Super Bowl Chance|2025-03-17 11:46:00|178|23.8
captivajim||Lavonte David Reflects On Lost Super Bowl Chance|2025-03-17 11:46:00|14|0
captivajim||Lavonte David Reflects On Lost Super Bowl Chance|2025-03-17 11:46:00|14|0
Todd||Known Quantity|2025-03-17 10:11:00|22|0
Baking with Grizz|2025-03-17 10:30:00|Known Quantity|2025-03-17 10:11:00|16|0.31666666666666665
BucDawg|2025-03-17 10:50:00|Known Quantity|2025-03-17 10:11:00|9|0.65
Kenton Smith|2025-03-17 10:55:00|Known Quantity|2025-03-17 10:11:00|10|0.7333333333333333
SlyPirate|2025-03-17 11:12:00|Known Quantity|2025-03-17 10:11:00|34|1.0166666666666666
Crickett Baker|2025-03-17 11:24:00|Known Quantity|2025-03-17 10:11:00|32|1.2166666666666666
Pickgrin|2025-03-17 11:25:00|Known Quantity|2025-03-17 10:11:00|14|1.2333333333333334
BA’s Red Pen|2025-03-17 11:41:00|Known Quantity|2025-03-17 10:11:00|15|1.5
Alanbucsfan|2025-03-17 11:50:00|Known Quantity|2025-03-17 10:11:00|70|1.65
teacherman|2025-03-17 12:09:00|Known Quantity|2025-03-17 10:11:00|8|1.9666666666666666
Purplebeard|2025-03-17 12:11:00|Known Quantity|2025-03-17 10:11:00|36|2.0
Saskbucs|2025-03-17 13:26:00|Known Quantity|2025-03-17 10:11:00|34|3.25
rrsrq|2025-03-17 13:51:00|Known Quantity|2025-03-17 10:11:00|27|3.6666666666666665
Buccaneer Bonzai|2025-03-17 14:02:00|Known Quantity|2025-03-17 10:11:00|16|3.85
FilthyAnimal|2025-03-17 14:11:00|Known Quantity|2025-03-17 10:11:00|8|4.0
KABucs|2025-03-17 14:28:00|Known Quantity|2025-03-17 10:11:00|165|4.283333333333333
Pickgrin|2025-03-17 14:29:00|Known Quantity|2025-03-17 10:11:00|64|4.3
Aqualung|2025-03-17 14:46:00|Known Quantity|2025-03-17 10:11:00|21|4.583333333333333
HopeIn1Hand…|2025-03-17 16:16:00|Known Quantity|2025-03-17 10:11:00|460|6.083333333333333
Defense Rules|2025-03-17 16:32:00|Known Quantity|2025-03-17 10:11:00|15|6.35
Simeon4HOF|2025-03-17 17:31:00|Known Quantity|2025-03-17 10:11:00|4|7.333333333333333
Darin|2025-03-17 20:08:00|Known Quantity|2025-03-17 10:11:00|18|9.95
Noclu4u|2025-03-18 00:51:00|Known Quantity|2025-03-17 10:11:00|111|14.666666666666666
garro|2025-03-18 06:46:00|Known Quantity|2025-03-17 10:11:00|18|20.583333333333332
Greg|2025-03-17 10:00:00|A Call To Unite Josh Grizzard And Jon Gruden|2025-03-17 09:54:00|34|0.1
John|2025-03-17 10:10:00|A Call To Unite Josh Grizzard And Jon Gruden|2025-03-17 09:54:00|40|0.26666666666666666
Eckwood|2025-03-17 10:23:00|A Call To Unite Josh Grizzard And Jon Gruden|2025-03-17 09:54:00|60|0.48333333333333334
SlyPirate|2025-03-17 10:46:00|A Call To Unite Josh Grizzard And Jon Gruden|2025-03-17 09:54:00|30|0.8666666666666667
Jmarkbuc|2025-03-17 10:50:00|A Call To Unite Josh Grizzard And Jon Gruden|2025-03-17 09:54:00|15|0.9333333333333333
Biggun|2025-03-17 11:00:00|A Call To Unite Josh Grizzard And Jon Gruden|2025-03-17 09:54:00|73|1.1
It's Corn|2025-03-17 11:04:00|A Call To Unite Josh Grizzard And Jon Gruden|2025-03-17 09:54:00|28|1.1666666666666667
Todd||A Call To Unite Josh Grizzard And Jon Gruden|2025-03-17 09:54:00|18|0
Dewey Selmon|2025-03-17 12:26:00|A Call To Unite Josh Grizzard And Jon Gruden|2025-03-17 09:54:00|17|2.533333333333333
FilthyAnimal|2025-03-17 12:58:00|A Call To Unite Josh Grizzard And Jon Gruden|2025-03-17 09:54:00|11|3.066666666666667
Pewter Power|2025-03-17 13:01:00|A Call To Unite Josh Grizzard And Jon Gruden|2025-03-17 09:54:00|22|3.1166666666666667
Bojim|2025-03-17 13:12:00|A Call To Unite Josh Grizzard And Jon Gruden|2025-03-17 09:54:00|19|3.3
EEK|2025-03-17 13:12:00|A Call To Unite Josh Grizzard And Jon Gruden|2025-03-17 09:54:00|22|3.3
BuxfaninTX|2025-03-17 13:49:00|A Call To Unite Josh Grizzard And Jon Gruden|2025-03-17 09:54:00|18|3.9166666666666665
Smarter than Joe|2025-03-17 14:17:00|A Call To Unite Josh Grizzard And Jon Gruden|2025-03-17 09:54:00|7|4.383333333333334
drdneastup|2025-03-17 15:00:00|A Call To Unite Josh Grizzard And Jon Gruden|2025-03-17 09:54:00|40|5.1
GoneGator|2025-03-17 15:27:00|A Call To Unite Josh Grizzard And Jon Gruden|2025-03-17 09:54:00|11|5.55
74 Bucs Fan|2025-03-17 19:17:00|A Call To Unite Josh Grizzard And Jon Gruden|2025-03-17 09:54:00|19|9.383333333333333
Jacob|2025-03-17 20:13:00|A Call To Unite Josh Grizzard And Jon Gruden|2025-03-17 09:54:00|39|10.316666666666666
SenileSenior|2025-03-17 20:49:00|A Call To Unite Josh Grizzard And Jon Gruden|2025-03-17 09:54:00|21|10.916666666666666
Fred|2025-03-17 21:45:00|A Call To Unite Josh Grizzard And Jon Gruden|2025-03-17 09:54:00|13|11.85
David|2025-03-17 22:50:00|A Call To Unite Josh Grizzard And Jon Gruden|2025-03-17 09:54:00|45|12.933333333333334
garro|2025-03-18 06:56:00|A Call To Unite Josh Grizzard And Jon Gruden|2025-03-17 09:54:00|8|21.033333333333335
GP|2025-03-17 08:16:00|Have Your Say!|2025-03-17 08:14:00|12|0.03333333333333333
RustyRhinos|2025-03-17 08:37:00|Have Your Say!|2025-03-17 08:14:00|42|0.38333333333333336
Dom|2025-03-17 09:01:00|Have Your Say!|2025-03-17 08:14:00|28|0.7833333333333333
jugheadfla1|2025-03-17 09:06:00|Have Your Say!|2025-03-17 08:14:00|15|0.8666666666666667
Permanently Moderated|2025-03-17 10:59:00|Have Your Say!|2025-03-17 08:14:00|10|2.75
Addb|2025-03-17 13:49:00|Have Your Say!|2025-03-17 08:14:00|5|5.583333333333333
Badbucs|2025-03-17 18:21:00|Have Your Say!|2025-03-17 08:14:00|40|10.116666666666667
Kenton Smith|2025-03-17 04:19:00|“I Thought It Would Be Fun”|2025-03-17 04:05:00|11|0.23333333333333334
Jeffrey Becker|2025-03-17 05:09:00|“I Thought It Would Be Fun”|2025-03-17 04:05:00|7|1.0666666666666667
Bucsarg|2025-03-17 05:26:00|“I Thought It Would Be Fun”|2025-03-17 04:05:00|18|1.35
Truth be Told|2025-03-17 06:26:00|“I Thought It Would Be Fun”|2025-03-17 04:05:00|28|2.35
Todd||“I Thought It Would Be Fun”|2025-03-17 04:05:00|4|0
Defense Rules|2025-03-17 06:47:00|“I Thought It Would Be Fun”|2025-03-17 04:05:00|48|2.7
teacherman|2025-03-17 06:57:00|“I Thought It Would Be Fun”|2025-03-17 04:05:00|5|2.8666666666666667
Lt. Dan|2025-03-17 08:03:00|“I Thought It Would Be Fun”|2025-03-17 04:05:00|8|3.966666666666667
Kenton Smith|2025-03-17 09:25:00|“I Thought It Would Be Fun”|2025-03-17 04:05:00|83|5.333333333333333
Defense Rules|2025-03-17 09:41:00|“I Thought It Would Be Fun”|2025-03-17 04:05:00|19|5.6
doolnutts|2025-03-17 10:34:00|“I Thought It Would Be Fun”|2025-03-17 04:05:00|1|6.483333333333333
Kenton Smith|2025-03-17 11:01:00|“I Thought It Would Be Fun”|2025-03-17 04:05:00|20|6.933333333333334
El HEFE|2025-03-17 11:04:00|“I Thought It Would Be Fun”|2025-03-17 04:05:00|26|6.983333333333333
Lokog|2025-03-17 11:21:00|“I Thought It Would Be Fun”|2025-03-17 04:05:00|7|7.266666666666667
RASH|2025-03-17 11:42:00|“I Thought It Would Be Fun”|2025-03-17 04:05:00|33|7.616666666666666
Fan of the South|2025-03-17 11:47:00|“I Thought It Would Be Fun”|2025-03-17 04:05:00|35|7.7
Saskbucs|2025-03-17 12:11:00|“I Thought It Would Be Fun”|2025-03-17 04:05:00|30|8.1
Aqualung|2025-03-17 14:31:00|“I Thought It Would Be Fun”|2025-03-17 04:05:00|11|10.433333333333334
SenileSenior|2025-03-17 18:54:00|“I Thought It Would Be Fun”|2025-03-17 04:05:00|19|14.816666666666666
First Last|2025-03-17 04:32:00|Running It Back|2025-03-17 04:00:00|61|0.5333333333333333
Ron Mexico|2025-03-17 06:13:00|Running It Back|2025-03-17 04:00:00|10|2.216666666666667
Phred|2025-03-17 07:23:00|Running It Back|2025-03-17 04:00:00|69|3.3833333333333333
Phred|2025-03-17 07:24:00|Running It Back|2025-03-17 04:00:00|69|3.4
Phred|2025-03-17 07:25:00|Running It Back|2025-03-17 04:00:00|9|3.4166666666666665
KABucs|2025-03-17 07:31:00|Running It Back|2025-03-17 04:00:00|66|3.5166666666666666
Lt. Dan|2025-03-17 08:05:00|Running It Back|2025-03-17 04:00:00|21|4.083333333333333
Lt. Dan|2025-03-17 08:09:00|Running It Back|2025-03-17 04:00:00|22|4.15
BigBoiBuc|2025-03-17 08:31:00|Running It Back|2025-03-17 04:00:00|36|4.516666666666667
Ron Mexico|2025-03-17 08:59:00|Running It Back|2025-03-17 04:00:00|5|4.983333333333333
RustyRhinos|2025-03-17 09:07:00|Running It Back|2025-03-17 04:00:00|15|5.116666666666666
ballwasher61|2025-03-17 10:00:00|Running It Back|2025-03-17 04:00:00|22|6.0
Saskbucs|2025-03-17 11:24:00|Running It Back|2025-03-17 04:00:00|41|7.4
BigBoiBuc|2025-03-17 12:05:00|Running It Back|2025-03-17 04:00:00|8|8.083333333333334
Ron Mexico|2025-03-17 12:48:00|Running It Back|2025-03-17 04:00:00|4|8.8
LOUBUCSFAN|2025-03-17 13:45:00|Running It Back|2025-03-17 04:00:00|1|9.75
BigBoiBuc|2025-03-17 14:31:00|Running It Back|2025-03-17 04:00:00|1|10.516666666666667
Buc king|2025-03-17 14:42:00|Running It Back|2025-03-17 04:00:00|93|10.7
drdneastup|2025-03-17 15:06:00|Running It Back|2025-03-17 04:00:00|32|11.1
Ron Mexico|2025-03-18 03:51:00|Running It Back|2025-03-17 04:00:00|40|23.85
BigBoiBuc|2025-03-18 09:22:00|Running It Back|2025-03-17 04:00:00|1|29.366666666666667
Scotty Mack|2025-03-18 21:12:00|Running It Back|2025-03-17 04:00:00|25|41.2
garro|2025-03-17 04:21:00|Why Not Asante Samuel?|2025-03-17 03:45:00|1|0.6
heyjude|2025-03-17 05:09:00|Why Not Asante Samuel?|2025-03-17 03:45:00|39|1.4
Jeffrey Becker|2025-03-17 05:11:00|Why Not Asante Samuel?|2025-03-17 03:45:00|2|1.4333333333333333
Vanessa Anne|2025-03-17 05:45:00|Why Not Asante Samuel?|2025-03-17 03:45:00|9|2.0
Redzone|2025-03-17 05:51:00|Why Not Asante Samuel?|2025-03-17 03:45:00|6|2.1
Hodad|2025-03-17 06:34:00|Why Not Asante Samuel?|2025-03-17 03:45:00|56|2.816666666666667
lambchop|2025-03-17 07:05:00|Why Not Asante Samuel?|2025-03-17 03:45:00|30|3.3333333333333335
NutterBuccer|2025-03-17 07:43:00|Why Not Asante Samuel?|2025-03-17 03:45:00|8|3.966666666666667
BuckyBuc|2025-03-17 07:51:00|Why Not Asante Samuel?|2025-03-17 03:45:00|7|4.1
ManzielMadness|2025-03-17 08:00:00|Why Not Asante Samuel?|2025-03-17 03:45:00|53|4.25
Rich|2025-03-17 08:16:00|Why Not Asante Samuel?|2025-03-17 03:45:00|48|4.516666666666667
Brandon Jeff|2025-03-17 08:19:00|Why Not Asante Samuel?|2025-03-17 03:45:00|63|4.566666666666666
RustyRhinos|2025-03-17 09:00:00|Why Not Asante Samuel?|2025-03-17 03:45:00|18|5.25
Slacker|2025-03-17 10:05:00|Why Not Asante Samuel?|2025-03-17 03:45:00|7|6.333333333333333
Chris|2025-03-17 10:11:00|Why Not Asante Samuel?|2025-03-17 03:45:00|20|6.433333333333334
BBax7|2025-03-17 10:49:00|Why Not Asante Samuel?|2025-03-17 03:45:00|8|7.066666666666666
Jim D|2025-03-17 10:50:00|Why Not Asante Samuel?|2025-03-17 03:45:00|38|7.083333333333333
RO|2025-03-17 11:27:00|Why Not Asante Samuel?|2025-03-17 03:45:00|13|7.7
Jake been there since the beginning|2025-03-17 14:09:00|Why Not Asante Samuel?|2025-03-17 03:45:00|35|10.4
BucDawg|2025-03-17 14:59:00|Why Not Asante Samuel?|2025-03-17 03:45:00|13|11.233333333333333
geno711|2025-03-17 16:05:00|Why Not Asante Samuel?|2025-03-17 03:45:00|12|12.333333333333334
dumboldguy|2025-03-17 19:06:00|Why Not Asante Samuel?|2025-03-17 03:45:00|52|15.35
Joe|2025-03-17 21:47:00|Why Not Asante Samuel?|2025-03-17 03:45:00|12|18.033333333333335
Wilf|2025-03-18 21:10:00|Why Not Asante Samuel?|2025-03-17 03:45:00|13|41.416666666666664
IrishPirate|2025-03-17 00:33:00|Bucky Brooks: Haason Reddick, Bucs A “Perfect Free Agent Marriage”|2025-03-17 00:00:00|4|0.55
SlyPirate|2025-03-17 02:12:00|Bucky Brooks: Haason Reddick, Bucs A “Perfect Free Agent Marriage”|2025-03-17 00:00:00|13|2.2
Oxycondomns|2025-03-17 02:33:00|Bucky Brooks: Haason Reddick, Bucs A “Perfect Free Agent Marriage”|2025-03-17 00:00:00|3|2.55
garro|2025-03-17 03:03:00|Bucky Brooks: Haason Reddick, Bucs A “Perfect Free Agent Marriage”|2025-03-17 00:00:00|7|3.05
OrlandoBucsFan|2025-03-17 03:18:00|Bucky Brooks: Haason Reddick, Bucs A “Perfect Free Agent Marriage”|2025-03-17 00:00:00|11|3.3
Ron Mexico|2025-03-17 03:43:00|Bucky Brooks: Haason Reddick, Bucs A “Perfect Free Agent Marriage”|2025-03-17 00:00:00|12|3.716666666666667
heyjude|2025-03-17 04:46:00|Bucky Brooks: Haason Reddick, Bucs A “Perfect Free Agent Marriage”|2025-03-17 00:00:00|45|4.766666666666667
Hodad|2025-03-17 06:42:00|Bucky Brooks: Haason Reddick, Bucs A “Perfect Free Agent Marriage”|2025-03-17 00:00:00|90|6.7
KABucs|2025-03-17 07:15:00|Bucky Brooks: Haason Reddick, Bucs A “Perfect Free Agent Marriage”|2025-03-17 00:00:00|67|7.25
Jerry Henry||Bucky Brooks: Haason Reddick, Bucs A “Perfect Free Agent Marriage”|2025-03-17 00:00:00|26|0
Evo|2025-03-17 09:12:00|Bucky Brooks: Haason Reddick, Bucs A “Perfect Free Agent Marriage”|2025-03-17 00:00:00|14|9.2
ballwasher61|2025-03-17 09:44:00|Bucky Brooks: Haason Reddick, Bucs A “Perfect Free Agent Marriage”|2025-03-17 00:00:00|47|9.733333333333333
Mike Johnson||Bucky Brooks: Haason Reddick, Bucs A “Perfect Free Agent Marriage”|2025-03-17 00:00:00|13|0
John Cecilia|2025-03-18 07:23:00|Bucky Brooks: Haason Reddick, Bucs A “Perfect Free Agent Marriage”|2025-03-17 00:00:00|18|31.383333333333333
